<?xml version="1.0" encoding="UTF-8"?>
<project-private xmlns="http://www.netbeans.org/ns/project-private/1">
    <editor-bookmarks xmlns="http://www.netbeans.org/ns/editor-bookmarks/2" lastBookmarkId="0"/>
    <open-files xmlns="http://www.netbeans.org/ns/projectui-open-files/2">
        <group>
            <file>file:/D:/Users/tylerman106/Desktop/Upload%20To%20Drive/NumberAddition/src/numberaddition/NumberAdditionFXML.fxml</file>
            <file>file:/D:/Users/tylerman106/Desktop/Upload%20To%20Drive/NumberAddition/src/numberaddition/NumberAddition.java</file>
            <file>file:/D:/Users/tylerman106/Desktop/Upload%20To%20Drive/NumberAddition/src/numberaddition/NumberAdditionFXMLController.java</file>
        </group>
    </open-files>
</project-private>
